Job Title,Company Name,Location,Job URL
"Machine Learning Engineer (m/w/d | 3+ yrs exp | End-to-End AI Projects)","One Thousand GmbH","Hybrides Arbeiten in 10999 Berlin-Kreuzberg","https://de.indeed.com/pagead/clk?mo=r&ad=-6NYlbfkN0BQGtTmRKHZyMF6PGckxoXx8TQLSC99Z108dt925267epaC5k1kAGApyfdeSoGeUttt0_AnDY_TqjaHQ1ZOQTgsZFy1T37M_0Ef-kmhSjf6rx319KhPspBeSnr1RfUWOfNfJQBbXKHrk3nyA49v3hjIfJVbDj6wUzRgdrSJJhPhX79ikg1yZ4naULh6sji9BOGbXTYjPBNqBX1kuxFDAUZ0xmV5Qy6X-Wogyzk70xBWO-6wWWl0h2bDIKCB_ubS6bcdMLr07HGdDrumyIw5PklvyBROBVype91O7LVCNAW95azxSal7S69b8IhXzaShgTemwThEy0tyVELKg9fghtRwUbf80FY87EiVoWeNtdeOxnPwVNkxIveVNSDr0lPpHdKcpX6a8o7Eu2elW29iS7gpd91WN689HtEQYPaMxnPPHFbiOz6dN10Ikm3UoSxGWdaICOHHyUyYZni_5XQ6WUDoh3wc1R-BmLkSL8exAnZLm2Fo0CD3js5JP56jE3MxzbdILP_KLj9W7WogmBRiHA4hkIvC9fA1p5sePDDF-bvfm7teb3M898ygp_jwcRD47CotYyD47FRdZ-TTNenoorfCdB7ozKj3RwrMl3tbXl3g7brIUZF-aBiQw76CHI9GCafK6GPlVIY3RWCrVpAk5wKntVCLL0Fu9r78DilNHilDDb5-tQYdxwGHtSOaZ0N3We96sLnHfti1XhlD0MIK6v8WY-2--612Y7E-shqFmgxrzFXEvrT8T7EM&xkcb=SoB06_M3q675tTTC7h0LbzkdCdPP&camk=ethIe0s0hectgC5D_IhhDw==&p=0&fvj=0&vjs=3"
"AI Engineer, Internship, Germany - BCG X","Boston Consulting Group","Berlin","https://de.indeed.com/pagead/clk?mo=r&ad=-6NYlbfkN0Ad1FFWZOsBBwBZDGouyCcICeLSd3pQct3wJ1q5dPO7JL3-FeNCSdnL_Wm6yj1i6naQANTtpgUdTs5zOUvewu8QgKSEIDHZijzS1SyYXQDODmVBXUZ1G2euYxL9ugahzcSO9a2lfFIuevSdLJYBH27ciiSAAaEYHy3jzv6vkZUBqh900hBx86R5J8TekU_ewxlu61KwEsm7atP6OA54cSZJuaZHWXH13oU-pSXxnX73ApOWtDcCYgEyRfZy9kksh4JkGgIIL7XZSR87hiyHYkdlIYKvyOUId50j4mVx7mnJW_yeLTTIsGvSjAM-6tJHnFabuIDym9L4Ko6jnH9IjkNdUUP33EGJoO2J9-NOHLONI-VuyQgqcZak5EV3tlntmz99gPSLl4jPlJCjUc3_Hg_8wcOCF1apPQBAf5-CDQ2x4J9Wo90Sy-q7ARg0BlX9rP3nbstulO_RerEX9IIQb_9XFXIRkz9_rte5ulDo9joaJNkg8pp2U4EcCwXruyPMWqerFxXEtSBkSeauCVy-WEIBdtZK-7DNxvcjqtIlANgdGh7vvHjbmqdxFRNE65Xqj79ZGm2VaWKWNEaNiqfn4-eKkGa6iE6pPmfN0lhrfgl2w4cKSnNOp3ZpwF6ToCxwJMHKJ-ooC2b1c0qcczu2fcbJB8QcIvGXLmMpRE9MgERZsPxBeBX3oWRxMpIyQzIgXbAmiZZ4Fpn09HW5c5-9xuWy1VY8hJIDSnphsxqMTs9YHkrD07cYVQtreSqE3tEi4aNKduWvhWd6Lkt2T0Yon547GGRc4FezlPUkMUkHaXivAhbP-TOk3SQboDAnLi6qRrnniqu0gDdswfnt5fISSoww6UmNtzE7jfwI8p7bfq6pvHxEGZwZ_YvjoU2HajsCA0PFZV3ZidLRb_N6fcdJkHm-AkqZz45Qpub47ixHfsegRtE0KFq2Wmnw2IgYNYuZDjzYnLzuY4OfpZPcItu1J3uLpU80SUWlSneYXVee7RYD6dNxto8S3sIeTbe2oHbhvfXWupWBoPSOLmNaxCRRFiwJx5261T3wH1i1UJvR_Y_CDZ4C9Mb82E66o2dleddcz26yYoTb98aNylJqIPwzLFVBkCpNql1KFHaY1fkOozkYc8iIImazjIs2KsMNALT_Nbs03uYE8cJDddRz0RkYrypW7oDq_lgUG9nAQ-DropgoHvUsjKGt2v86f0GM-8UQNajNI8CUAZR4m6h3dy80roQdXJiLV9ShSlGNaqfKsXKWcbDFeWV2W5W-cEglRXkLsBukaJIO3zMAXyNdw-J7Uxfd1_cDQOwmwZKMG_pXszxhZrWFI5C3JUxne-bG0OhVn-ti5WIUlc3_l819fNO-1GWR8G2mzXxeiAQXzR7Yip8u7IwlhC-xYDfZ5IZnzHI60DIXWXCCDipur2uLW-4GVSuVTBJd6m504YeV-SJjLsprks4wNUU1uBYCv9Rb8CRnv9_3uh3-4BM94g==&xkcb=SoDA6_M3q675tTTC7h0KbzkdCdPP&camk=UoKtGZLa3XIyjBpbo2NPxA==&p=1&fvj=0&vjs=3"
"AI Software Engineer/Platform Architect - BCG X","Boston Consulting Group","Berlin","https://de.indeed.com/pagead/clk?mo=r&ad=-6NYlbfkN0Ad1FFWZOsBBwBZDGouyCcICeLSd3pQct3wJ1q5dPO7JL3-FeNCSdnL_Wm6yj1i6nYt8EIxUhVD95iEqF12_KJLV2PJFisIzpu9qkrglbLHHkl2HKzn5keCGGgKKkEEEj9zLxwVtdw5Gxll-AIQLxFvuGk3SKpFeJ-Fn64RycdOX-ezbySFw2Rfbt05lO5sFHU9OiRXHNhxZPE4ZwszYJMsO6Dnm0dLrEm7muD4-ddZlIcRz-KELnMOdoa_YIUFkvjV6RQbmugZjU3MYqfnesIOXy_3FeZfE0kfhWuUGw5Qj9frGpPKKiVjKFwTeGu1v-X1hWcjc7UQTJggc57ocXg5N-E-i_7B3jleaTF2kzcqaZu03ONEJGNVfYi2zt8bgSO0ropDEDs1VB-rX0mgD3N2k1nrkXDxK7iYOUG3E8KbeYl-gRUjwu0SL07if_r9f-HwzAjWOg-QHNukvkCL9X7EZAoZ-KDjJVGl94OltWot6WjRUjKQcEdcSerQmLNJPXeKcA5zgewYd-KY4zw8pA5qQdf1-ijjWUH3owJ_5t5WGuJII4sPO_g-A64ZA0lmX08CGuCkf9m8iXIt2KdoMSHQ23W4ECO2wd5bMmR15JnD0wDUC0OTovM-ZQDhTqRarZQgwNOh6D_xEWsvC7uKzTv8mc3Ov9XIr8Qm6yg3bUIAvdGaLmN4zQVhnQVUksN3KsmpqA4l8K3pduFXKcXG7xLbEnFl6STuUKg0YzFuT7wkcdTDq6VEXe7iNlz4T8IF0q7xFzRbbjl1k9KOQiLJA0Y8VGQ0CvjAEgy2g_nzLf22dTC4n0kHtsfs0jvMq92q3bwgBOKfSLLOftKcaeDZpvpf573Au8Xcu13wlZ43P8eDi08f-s3lsVVRdEAR5zx3zRmVWxSIGB6j4uc367MCjmb-x-zWtqfC6l_97ZaeADqGrsxr9C5eGXheCcZkbRAyNUaGG2_8GXwY5ocltsm7f3bSKzB-tgCadAdnXvW4A7xo3ewzfEGfFY9f-uwOWf4GzfUljmOG131ykNyz3OzJZexdCgsVB1FkAo1b20mJrCn8I6mpIg8lxYNEpue9t_Y-Ls_9gVGYtLddDkngRoEKU4YuC59X2K5gbR0gEn8WmmKutJtOhWteZ_0r7HC7UGXk5m-nh_Sd-a3VLk1OP4wD84rtqxA10fqH-rcMO3KisGlgZYxP8XRg0DH27TAQXqPTwGJwVzA-NlCX-1zFGsrqLkosgO8x5M5Z1zU5jDxeqMrMz0KdZt4e8A08gQTeksCOjBo6qV16Au9fS9JxoYV0vQRL-YLsAPKBR9gvZXQpO2AswUAILouXcJ5iczKlLeLBbxGBHzRp8_grIaZZp0ACERgGaRgyurMnZcoIluJ6bDLQYGvdSbQCreIvWUTj4VyIohJ38fJF2E61FTcBZdzvWKIliImJDkAAKo1xxg0sj05Qb65XWoia0i45ELVMzhnaG5661qjPxrq8Ig==&xkcb=SoBd6_M3q675tTTC7h0JbzkdCdPP&camk=UoKtGZLa3XIyjBpbo2NPxA==&p=2&fvj=0&vjs=3"
"Full Stack Engineer (m/f/d)","Libra Technology GmbH","Hybrides Arbeiten in Berlin","https://de.indeed.com/pagead/clk?mo=r&ad=-6NYlbfkN0A3AXg2WXwtr9b15gBKKgCNBGncGb9Cf7wJq65LzyBb2NJNm0bqN9z2CyYIktu4h0glc-C0bE81ntfckyp-NTsBeli1cE8FmGB10KlahqguMK9yoY7HHsKwJRklCcAjOcO-7uAOJ7FylT-p2PJkeQGLBpw3oX39wlkW9b1oWofuIMz6MngDvw1KjufHkNkK8O-VvbGw3l0YOtUX3ko4k6OKTtzAts85-ZM-IJbcwrH-_urcBMRFcsP6P082uqKiAekG-9X-JWZbRDx7GkDslnZiZibFih8Uh6D4BKj45IA1GXrnDkalDhUIo4jRfVaAVp8Tgsm6fCF35TgxrUMqF4W9wzmu8snsa5QXkX58x2WJJgagnTCxFoMoMaDQVlTdW-vCzwhQwMHU-VxybYIYR2IKGuHOsACDyy38QuVcF9X0bzZXgfseD4wVQjiQNxBaLo6Xc0oIE1O5ablEZtrMMgfxoMoE8LY9WbaHhPwpgtAiumsu5w1buUYoL_y2RgeFErxBdsv6A9W7OJrvaDL6elu68aQ-_-jKh8dnZA8LqxLhjTmMQLbx8USH9awXo9cR0zNOjsKKwrZy3iYaQ1GjLf2bfqoX5Q1l6okg9Nwg26bIjD_H7RWRlRkB6rqgdsayJ8Fjx75jq6u_n5zbCuJW9Zo7&xkcb=SoDp6_M3q675tTTC7h0IbzkdCdPP&camk=UoKtGZLa3XKWA1ILqFQEnw==&p=3&fvj=1&vjs=3"
"AI Engineer, Germany - BCG X","Boston Consulting Group","Berlin","https://de.indeed.com/pagead/clk?mo=r&ad=-6NYlbfkN0Ad1FFWZOsBBwBZDGouyCcICeLSd3pQct3wJ1q5dPO7JL3-FeNCSdnL_Wm6yj1i6naQANTtpgUdTvjANY1n9RzOWqsGVlZfGY4SIhDvqu5OJMlud4Ggqc2OfwMOl6pYoUdJzhteIEdbW9SD0_Vxzlf92xo0BsTwi9GIP4V52rXYdOt_CqM_j21dnDrcN03WQjPTyKqDd7blYJjvag2stVFHlTEFsgIzo7HzAEgXERWgRXUxZbDxVMY4SDgd21jY8LQQy45H5PcegwYo-tF_IHyXy4UegT0nWC7BoOd35Xu44F5ZS1eAm1ciE0iV56VCe2x-gCjOj7Nz8_Tqn9KODXYkMQh9F8a-03gNI7kbs9tnfZJeIt7N-PeGHRhylT9e3L3ccbmQRoQ0VYN9H_-fa1Tu6R1y6WQNrzaBX-zDc4CeLm8BBY7TLQUTsQorgaz20mE-xkfGwXUfDjLWxnb3nEcmLk1iXFmQs_VnEBej0dO9uWZoATvGqVNqDCsYkOn9th5wW_AhdwxR-4RjXhgcjc75gUzG7535xJVve9a7xb13HfAgSssh2CEBEURWoioU4jdKEfFqnMwnqSFMEHUsSkbhIQy-lPmL4iO-53PNnupLpw3S1Rbd_G7UUnuHfFiU2qciymLZrN5YetqYu6UykSZtaUKma7EcpiCnAo1SD1RjDsmHZOC4AeoJl7mCYaOIW04f9HA5IyQhDICkQu1_0rRr9g_HoTd8QgZ5QTRZaKScHgog966RTfd8QGM4BJMfpFuldSQaNzKZKfHsonFKN6TmTOSOBMIteq0F0UOtlbNBuIeQHwVyaiZd6TLQbx1PPVanluhuowZs2Oyx5U-GMcblo_deaQlBkZEp1n1mK3Wtrke3iZbUoLRfU89WIiQxJwYjU6uztPpB2LHTfkDvTGDo37f420u3JJPZu6YzPPYe6kTrmEuG0uabJHq3Kav3Ip9HxT983fiNXWH3x8AmpKlOF2oFK0JxwCok5McjUQWqPSD8a7QorzZuhMkFeKdGO2GresGLcvVJ3_rX8GIluUrHmtqhNY4Ao8rDo0MTLWqrP933ROe-V5b32VV4gRPijcBCKlQQTHHkrAMFDWzn8emo5zrInEMHTso8gvOQsm4zEPOp4nEa7eC3Uu9HnPPdcHYaZvLeyhymdMZ7rRs2dNSZqt6ztBjt40QazCndsbPlWF64I250YF3gZ7KD-2pltboEn2-AG7MSJ64h39SV3fSfVBClwOlKC3pZBSy_T-DLDZBQ6vkCWksbXUiv9myS4KvoaJHiiAvq8DzSw7i2Q-VCHISoSkupS_0MbCq7-r_hHuVPycqk8N-1TLn8EIuaT_nAKNX6pE4wyaO4tp6GlMTP0ZHXpcytA_5Z2x0S9CtSIsCEtAepPwokuDfQuErKIyAWzi3eeJwazsszhbaXWuZnTngxwxbHH4r8uIG-IBYhuQ==&xkcb=SoBn6_M3q675tTTC7h0PbzkdCdPP&camk=UoKtGZLa3XIyjBpbo2NPxA==&p=4&fvj=0&vjs=3"
"AI & Full Stack Engineer (m/w/d)","getpress GmbH","Berlin","https://de.indeed.com/pagead/clk?mo=r&ad=-6NYlbfkN0DlAHwdXn-GC3jtYOAGIHY3t9tuOZ9a4q2uY-sOuLUbHhN_zCw_KC-GykmdXDzS-rCDKkL-85QfZiFmDCUYzv5k-xToqr0Iji_KG1Z7QH2LF-h_qTbkcyyxM-TTni0zjJMj6my1lGCiCwOk5_LQLOBp_sDD69zK7t_9QONqpuzwcy4pQYAM-JDA-eWiEDYaz-ptAwhJIMtpzoeh9CnvxS1vOHyqwpk4F_0DJWnPEVTx0w9XHqZ-BBM8kg5v8ir_pzIb5BJkdZ1H3c_n8bHQfDKuAHhrbbgKp3gaMZRGId8VtG2caF9sif1WcyPRbPkOgNK0WXQ2ujLV37H26NuT8l3hssNrZE27MVaGsV2tBEAH7tDOJ5EwdGdXIRG2idFGJJPf7PH-ShZS5uoiUEUg1RKAlHNRoE0VZ4s6bBC1_aEiw73l_S556SeJTjGr15iF8KWid_p8ipkZoGkhyOq7pYyzkwQWtLN7Fh1Rj8Gl-XVKngSLuMN1yneheKsv3XOcD2n9OD22Aum0v536k5dWxMX6l-gDxCl6NJ-nvzWqWvKrfv_cVb-CkPoSX9k5UKEIS6eAUBxRGpkleNRbqf0UlvObmCj1PYLA_8LbO7xnI5i1uBIytrnM5yCuOOC31uiqmn_M9b37rkv9YmDivz4LbPLNfH1KBd3-9jG0ZrApSffGG5qq8Gtu-uMBqufDO412w-3PoHTqeL3OBNPFfqMTBrysiLKIKfS6DiXjE3QvaIb0RIcVd37EdRQRSQQIIEGAQpk=&xkcb=SoDT6_M3q675tTTC7h0ObzkdCdPP&camk=UoKtGZLa3XIJkEtZbUYGUg==&p=5&fvj=0&vjs=3"
"Team Lead Software Development & AI (m/w/d)","INFODAS","Berlin","https://de.indeed.com/pagead/clk?mo=r&ad=-6NYlbfkN0D0h_6LPNk9l4dIMTd9nxr1zcPhyGRQCj1SJZUCSxAnu28esoZ5_GO8cAnKTDEh7KEYUkXCwHjmMnzaGzCZmthZUE0fCnBnhYsCkWINnt6QYbl66sUaracgTnqQEZ917CRv1gLkTSnS7lkStxxoxa3b8vmtlO2RiYXQLZylZH4xesEoNumWZsuV8y30MygDW6uT9IkRZP8o9-pJDhs1EgHQq3DQJHpl8YOJqEdRRam-KU1Ceolix62x6zWiKLR5taXUTydzp5wSN047n1Tbd9cqn-NWAmbwSTNhwQAbb0cpRHDqW0sEULzI-Kzb0tbPE_IN0k_FNTd4OqGRzqFJiYXo9mafw0N0OZ30PN06P7W8BLb_fVP-YSmFPmECFO5cOmnCiVjhnb1BDf-kibdSY5UlryGmoXMIAqElN4uZRjTdNEpn0fSkyaDr8LLObF38r6ALOB7ClRiCesKJcI3LQSQ2pxxBSpy55ZUWuflhKIiakuvkDtowG_Y39UUFygmDLg4t1sfJJVk2kjsKUm_jAw6Iy2ix83r8UhlreoQn5_5duizop8mZiv8JAZnuFDrF0-AymwzRSiPw7VE6gDmBGVn-8LAXia2q608s82O---9CFUUc36G1flofuxw4poXvowIwMr4PVP0X147RqKyF8a1cYpK8x134264kQgcwEQZue_O7s-vfc_Xxc6gqoAaBYMxmmbZmmVf6ahsv0PnpmDMJ2ItMPAAHe3cMHq7s0MdZ8DaUWysLyGMC69xjoxYvhT9Ceg8AAOyanxtb2Yt5t2wwsfISRabnAfC2sIHX25yOCw==&xkcb=SoBO6_M3q675tTTC7h0NbzkdCdPP&camk=nUmJqO2E8rgBZu06BOepuQ==&p=6&fvj=0&vjs=3"
"Salesforce Engineer - Customer Care Technology (all genders)","Zalando SE","Hybrides Arbeiten in Berlin","https://de.indeed.com/pagead/clk?mo=r&ad=-6NYlbfkN0ADl5gbPoHEwlCIPoer3Nv39ngWYxTyCz-Q5e5dOYq4vrVxteqqT4alDB-VCW0pr17PIctCfeQ7ZB-97LNqQGGk9mpcEb7wd621l_enEAqrWOqYS9OIZNlJPNJQ3YlLX4uSnIVrrKgSFC6bVipr6fH0-kcLWWX5_bV_0pU7RNh10T18OEDJbZqahU8FZX5oHqnNIsrNc8IIlbaKA31IeDtOYttWk_tVLGceQSIfcDVbWJvj_b48QrK9BuWp6L5Z4OLxfZhUq3d0tEazdjf8oyWDm7B6qeiYb1YDfLzaD_iX7gDPJ8CDnxBJmFBSji0Eo07suIdiJ6f6_4MxPBBabanuMmL0f_ijg5NsCVoAmEKW7M8HvpyWZbwzSIF4zTwhiNoe1pHjL4C_qJN0h65kN2dZ_F7AfkM4v6gGQpFXbQdenlb5EX2CZREIsFcCCvGlavjjOrEEOYnnJGda6Ealz4_MfiDv7aD6kG1ipRCzby7wTZW_W76WPw7qHEUjix-gKtXbFvbHtJWhUF-KO2CvbJ8mXrWioV17ibJNy99yC9iA3Cj9QaQd1cSx4HDoSU3R6gqyRa34cP2gsFN15gYBJeISXH35bFHOxLCqIWHipZ3jD9iMCc-y51VrR8XoxddMGAOMvNE7gMKpbQ==&xkcb=SoD66_M3q675tTTC7h0MbzkdCdPP&camk=4HOcmqOLYrBYOYIM2qCMhQ==&p=7&fvj=0&vjs=3"
"DevOps Engineer (m/w/d)","Academic Work","Hybrides Arbeiten in 10557 Berlin","https://de.indeed.com/pagead/clk?mo=r&ad=-6NYlbfkN0AEm5Vn4n4WLBUVvtj5na2uGoFb3fcwgpuhOR0l5WGItKI9OAGlS9JZqJQAkvsRQcEniODBfMGm21xqZqvmDwkeTWecdPSVAN-fGMHxPW-ZE7WBxHPTLYFCy4M-ZdfQ-xLzkvOQt7C-_HXDQdThihiQUoAI4yhWMDYdxS9b-vPAlPD9RRBTD-YKUCyj3rl4oSXvEUTGIrtljElJMuF0OmI-2QUsSTVMdXYBIBS9DoRdAVfQotj3Kh10NjYme4tciReFi_yxdy0IZHKHKJf5b20OBEc95WkoE83VbZ7tqJz5nDHqbewQ1_8fWNv-S6t52Rlm1-L9Y_pkqVw0eHBk8iYZbKnKn5AYLz13HYYVfDJyVnNO71F_y-ToIbx2dJ_63ELe20ddfR7CXLRuyZ0ngpST-nnf1lWPfec_g-xpDfGAU4woocbN_7i--Mjgx6FJCVHVHCh0UQuoRbD7XJULWRKbblOqKCLQP57F815rE5uGPwlEnvgdTI_1c6QXEHgnH1rEWLiWuaoTz5JRArLyKicFwRgdbV3sTmcmj54uxBzgc2FXdfnsORcsvEkMpbkL_sIGZIxRd7X0mdShRwP4wcbgv7Ew2leGApUXfd6uKOq3WyZSUDNpH9EIKdHMn3MzJY9BDl1v1XUqo4YDiN-8cDmw086EIco4EYTnj-kgUpqMsR5M6WTbkRXmTRrU30rTNz0=&xkcb=SoAT6_M3q675tTTC7h0DbzkdCdPP&camk=ethIe0s0hefva7OnbXnbMA==&p=8&fvj=0&vjs=3"
"","","","https://de.indeed.com/viewjob?jk=890abcdef0123456"
"Data Platform Architect","Fluxraum GmbH","Hybrides Arbeiten in 10178 Berlin","https://de.indeed.com/pagead/clk?mo=r&ad=-6NYlbfkN0AArQ2VgWzt8FqUHe-L6E8KSTGB0dYFeTk0eZRL6PNuWdhDEkONquJN8EX6tSe_DoUMc-3EOeNGesLDV2097XjPHlR8D65qpLK5YBlNYhDyxmBSVuWgq9_8ucNh1VzIsnAD99ZiPIiZsLO_Q2GcjHzCMK-gNPoNBHVtpAyfBxxbHFlGd6hs8hushX93eJHq8H_H9rMV0UUcedXmq_4KqkcPHCXj1mWotb6uppk21fUTX9j9Xy8Zr5297CX0hXdghZUjQ2VescnNVZAwLIEB5PHY5k8mbpotkGFK-Nl0GVg3g_624Rml5iU1qzcNVpXpKXijNI1xp0kZ_Qawdyd65Fu7vrEvNbiwD3rNwcUlfroWXWs936Me1I2d1QrrQ2Cq5FW1ev1OiG3-kOjY8Fy2L8o8IMm-ORUj0-k-oLIUrvZEzUYV6SCiz51rLjnTCllog54pKbF4xxvGhRIvprJqFrrXrTe1XcsrLPR-blMyV71MuIfTy-ZxdhBQMCFeaqE6wePw3ytnZBIX7x8y4pP6MqOv3QtXM2XRjPJ4YP6tFa1R6dmxDcUI8pVKVIZ5yWMm9S3SLcL_sdosXIa2AUvL5e38V4Aq31cNyrP7CZ5ajS1iYawQcZTZiaGKLt1hfzsjraRr0ljPbXtrM38WJNrU8GvzHTh0QbsI1-Mt6ZowtuU-CQ==&xkcb=SoCn6_M3q675tTTC7h0CbzkdCdPP&camk=UoKtGZLa3XIxhwC8_oZ-Dg==&p=9&fvj=0&vjs=3"
"Fullstack Security Engineer (m/w/d) – PHP / TypeScript / SQL","Pflegecampus 21 GmbH","10119 Berlin","https://de.indeed.com/pagead/clk?mo=r&ad=-6NYlbfkN0C3lE7vfGH2Zpsr3mkuooeRpILfGoVI8D5HMezXbov79QXUnc-bj0B4pqA7aH_OPNKCtasqRDi89MVi0DZVf4REgEBbkqr1Rd57eEMm_yZMY0mILuC1vzC9Foxbea4ay_PY1VJmp4kMVwyuWEF96SnsaIEpAQkpxrWQPsVsh3heGrfLS_hqPHQM21LNX1ElKX11ZMdhlCDK11ONrDWMbTZr2_gPXWId8b_yEy1E_OrOwyuK-PnNZw2BlADCI9hU8BgwcrkBQLPui3HKSt_BgKzSpYkZrrXp1ReG1H7JoWu5Ws0BUn7GkAd2V6AlLkrapOZGCXstb-H_Nstf1Nq7hG2UCu5bqeANGXRdS7zCUn3EtDOeaBeVSewTUTnLDx-u7KhFkLbcRPQQwdQjU_Y5wXvzpP1owDQPG1ptnrD5mOS2ZTiJNVd11L9Jdu3SGIlvRJ1csVltjV-mB0Bd_N96PxOxA0UIP95q1aSxs3ibj6XaBcGfvpU6zAp1jwIPkxwIlLkU9wU_4uzzh5aEUPQ86hB3QcknqFwQslQBBmF4SVgDX19SpUCvAoq4ut3G3dvrFMN7UKIbcn4_NVcaX5GkmI4kAI9mKy8LwoQHMKDyRpLtATvWLdJc5WgOARs3Ew_jPkCqIVgAd3nu4We4oGJ4TB0u-WcNFULe0eNZbGC-kdY8i4Kgq8qFGdbgnvABvQZfNpcUjYo2H8LLrQfjlSejHAzU35CZwd5X8F3cNj75-r462g==&xkcb=SoA66_M3q675tTTC7h0BbzkdCdPP&camk=UoKtGZLa3XJp05aEyn8adA==&p=10&fvj=0&vjs=3"
"Robotics Engineer (AI)","Sensmore","Berlin","https://de.indeed.com/rc/clk?jk=04121ed05170b6cd&bb=tfGLR3PwL561u1dqfV5l0O7gZRY2PpNXersT2Iu0omBRxu-YOyqOWD7GQC7WwvNqpuWajLfq9-qvAtaNWI47B74gHiKj0l_fFbYgRtz3N0aycmEVma_FP4GLWWlYzfWNnl-4XqzEo1wCMpCfVYPB6w%3D%3D&xkcb=SoB667M3q675tTTC7h0AbzkdCdPP&fccid=c1fcc9db35488174&vjs=3"
"Fullstack Unity Engineer (AR, AI)","ZAUBAR","10777 Berlin","https://de.indeed.com/rc/clk?jk=9488bbc2d69171a6&bb=tfGLR3PwL561u1dqfV5l0BkwYCOn8QbjO4HhKUg6-wdLORgn7NqP8YJFEsqy0q698M6fqgE3qDVUAHjyPs1HycIVrhkuD19hVMJlGOWYuyayAZapXRKxnX-iPWf6JsjV3CbIz3aI17JjmLTP6mzJiQ%3D%3D&xkcb=SoD067M3q675tTTC7h0HbzkdCdPP&fccid=25c43d9116b488a9&vjs=3"
"Senior AI Engineer (f/m/x)","Arbio Group GmbH","Hybrides Arbeiten in Berlin","https://de.indeed.com/rc/clk?jk=77944eafb726138d&bb=tfGLR3PwL561u1dqfV5l0He_PkBETaIInIimJTgy8dWSARnAm-iQZN3O0gskPkYmvdVciRo1sv1-_ywOxB6AN8_4URxTZd8vqaltQ82hWd-8GYp7uON-NAQe3JGrwyYItcMHkl8ExRcTlGjA3WdDFA%3D%3D&xkcb=SoBA67M3q675tTTC7h0GbzkdCdPP&fccid=7821cf7b2f69f0b4&vjs=3"
"Applied AI Scientist","EnamCo","13355 Berlin","https://de.indeed.com/rc/clk?jk=b56e5c4a195102d5&bb=tfGLR3PwL561u1dqfV5l0Kfa2c3lJYgBpHtLD1_qRVixpxyyw34gutIOmxTDhlYMyyKvj80cCY1tuCYz0vq-nQ6VsBACUtKLC5OtCYh5LdJyknRQ1Ki5sbENS769oAeelSEXR2OYLtroX2ApqSP2FA%3D%3D&xkcb=SoDd67M3q675tTTC7h0FbzkdCdPP&fccid=fa1550731554f3e2&vjs=3"
